id;name;email;birthday
1;Bedfordshire copy Auto;Mariam.Witting32@yahoo.com;2022-03-25
2;compressing Crossing Bedfordshire;Isaias98@gmail.com;2022-03-25
3;cross-platform Avon connect;Myra97@gmail.com;2022-03-25
4;rich;Malcolm_Wehner@gmail.com;2022-03-24
5;Shoes;Kian32@hotmail.com;2022-03-25
6;Money Handmade;Dino_Macejkovic@hotmail.com;2022-03-24
7;bypassing;Abe_Lehner@hotmail.com;2022-03-25
8;Usability Alabama;Patricia76@yahoo.com;2022-03-24
9;array Glens;Marcus1@hotmail.com;2022-03-24
10;program system;Mckenna_Abernathy94@hotmail.com;2022-03-25
